{
  "WER": 51.544800174498924,
  "EM": 0.0,
  "F1": 0.028470790524234426,
  "N": 15875
}