{
  "epoch": [
    1,
    2,
    3
  ],
  "train_loss": [
    1.5930763623241748,
    0.8024506974538921,
    0.494081582962193
  ],
  "train_start_acc": [
    0.4954077233448962,
    0.6665075601342166,
    0.7584878206510024
  ],
  "train_end_acc": [
    0.5303405906445354,
    0.723778215763152,
    0.8168786376374219
  ],
  "val_WER": [
    1.9293037008312934,
    1.639926322677589,
    1.7509027895591478
  ],
  "val_EM": [
    0.46116535433070865,
    0.4827086614173228,
    0.48762204724409447
  ],
  "val_F1": [
    0.6412392525880581,
    0.6619278178030901,
    0.6669835673112888
  ]
}